id,Tg,FFV,Tc,Density,Rg
1109053969,148.09422658629973,0.37395493630970017,0.19639218334017455,1.1545279705456901,21.991347458377067
1422188626,187.2416864511039,0.379457541137393,0.22646304371083484,1.0862172470420055,20.69428730689585
2032016830,114.09018339804396,0.35318862707056675,0.2547637478111521,1.139422239878648,20.818988851399244
